features,leaf id,f2,f2 imp,precision,recall,size,min val1,max val1,min val2,max val2
Volume Flow RateRMS,3,0.21311475409836064,0.16561423650975893,1.0,0.1780821917808219,16.276477146042364,23.068849563598633,28.985349655151367,-1000,inf
Temperature,14,0.2289156626506024,0.0414413420152302,0.17757009345794392,0.24675324675324675,11.817168338907468,67.68564987182617,68.00329971313477,-1000,inf
Accelerometer2RMS,7,0.4136690647482014,0.027143908722856103,0.4791666666666667,0.4,18.561872909698995,0.03773234970867634,0.039392950013279915,-1000,inf
Thermocouple,28,0.2692307692307692,0.02197802197802201,0.3888888888888889,0.25,5.629877369007804,24.526599884033203,24.567599296569824,-1000,inf
Accelerometer1RMS,2,0.14563106796116504,0.011699519863860197,0.2,0.13636363636363635,2.6755852842809364,-1000.0,0.02671639993786812,-1000,inf
Voltage,5,0.3424657534246575,0.004472271914132464,0.5555555555555556,0.3125,1.89520624303233,-1000.0,206.40750122070312,-1000,inf
Current,16,0.0,0.002525802809088984,0.0,0.0,0.33444816053511706,0.8206725120544434,0.8226410150527954,-1000,inf
Pressure,4,0.546448087431694,0.0015003828563151522,0.6451612903225806,0.5263157894736842,4.292084726867335,-0.7651064991950989,-0.4371795058250427,-1000,inf
