features,node id,f2,f2 imp,precision,recall,size,min val1,max val1,min val2,max val2
Volume Flow RateRMS,3,0.2365415986949429,0.1585649658781353,1.0,0.19863013698630136,16.276477146042364,23.068849563598633,28.985349655151367,-1000,inf
Temperature,16,0.2289156626506024,0.04211815940698482,0.17757009345794392,0.24675324675324675,11.817168338907468,67.68564987182617,68.00329971313477,-1000,inf
Accelerometer2RMS,6,0.40145985401459855,0.029676609640785778,0.4583333333333333,0.3893805309734513,17.837235228539576,0.03763874992728233,0.03936365060508251,-1000,inf
Thermocouple,31,0.2689873417721519,0.027661549719267042,0.85,0.22972972972972974,10.144927536231885,24.518150329589844,24.526599884033203,-1000,inf
Accelerometer1RMS,2,0.14563106796116504,0.011850753937137637,0.2,0.13636363636363635,2.6755852842809364,-1000.0,0.02671639993786812,-1000,inf
Pressure,10,0.5571227080394923,0.0058280111204147556,0.6124031007751938,0.5448275862068965,19.286510590858416,0.21867450326681137,0.5466014891862869,-1000,inf
Voltage,5,0.3424657534246575,0.004586586669406811,0.5555555555555556,0.3125,1.89520624303233,-1000.0,206.40750122070312,-1000,inf
Current,16,0.0,0.0017969772950342522,0.0,0.0,0.16722408026755853,0.9483204782009125,0.9486859738826752,-1000,inf
